alpha, tau
1.20451158,45.51240870
