alpha, tau
1.18755975,45.74616129
