alpha2, tau1, tau2
1.15667749,40.84985239,2.61840174
